Title,Company,Kota,Negara,Posted,Deadline,WFH
DevOps and Data Engineer,Mobius Digital,Tangerang Selatan,Indonesia,2023-04-04,2023-05-13,Yes
Data Quality Analyst,Astra Financial,Central Jakarta City,Indonesia,2023-03-04,2023-01-05,Yes
Project Manager,PGI Data,Jakarta,Indonesia,2023-03-04,2023-06-29,No
Business Development (B2B Corporate Sales),Algoritma,Jakarta,Indonesia,2023-03-31,2023-05-30,No
Data Scientist,MileApp,West Jakarta,Indonesia,2023-01-03,2023-08-05,Yes
Data Analytics Manager,PT Adicipta Inovasi Teknologi,Kota Jakarta Barat,Indonesia,2023-06-04,2023-04-29,No
IT System Analyst,PGI Data,Jakarta,Indonesia,2023-03-27,2023-04-19,No
Senior Data Engineer,paper.id,North Jakarta,Indonesia,2023-12-04,2023-05-30,No
iOS Developer,PhinCon,Jakarta Selatan,Indonesia,2023-10-04,2023-09-05,No
Network  Security Engineer,PGI Data,Jakarta,Indonesia,2023-05-04,2023-04-19,No
IT Application Consultant,CARE Technologies,South Jakarta,Indonesia,2023-03-28,2023-04-27,Yes
Growth Campaign,Astra Financial,South Jakarta,Indonesia,2023-03-27,2023-05-25,Yes
Centralized Data Processing,PT BFI Finance Indonesia Tbk,Tangerang,Indonesia,2023-01-03,2023-01-05,No
Data Scientist,Mobius Digital,Tangerang Selatan,Indonesia,2023-01-03,2023-05-15,Yes
Software Developer,Wistkey Technologies Limited / MamaHelpers,Central Jakarta,Indonesia,2023-03-31,2023-05-30,Yes
Quality Assurance,Gear Inc,Denpasar,Indonesia,2023-06-04,2023-04-18,No
"Merchandiser FRESH (Chicken, Meat, and Fish Category) for PRIMARO",PRIMARO,Jakarta Barat,Indonesia,2023-11-04,2023-04-29,No
Lead Data Engineer,PT BFI Finance Indonesia Tbk,Tangerang,Indonesia,2023-04-13,2023-11-06,No
Data Engineer,Nomura Research Institute Indonesia,Jakarta Pusat,Indonesia,2023-01-01,2023-01-14,Yes
Oracle DBA,OGYA,Jakarta,Indonesia,2023-03-27,2023-04-19,No
Digital Marketing - Performance Marketing,Simbadda Group,Jakarta,Indonesia,2023-03-27,2023-04-29,No
Business Consultant - Penempatan Jakarta Selatan,Cyber Future Forex,South Jakarta,Indonesia,2023-12-04,2023-07-29,No
Python Software Engineer,SMS Perkasa (PT Sumber Makmur Surya Perkasa),Surabaya,Indonesia,2023-04-13,2023-04-29,No
Business Growth Associate,PT Mobilitas Digital Indonesia,East Jakarta,Indonesia,2023-06-04,2023-06-05,No
Senior System Engineer,Packet Systems Indonesia,Kota Jakarta Selatan,Indonesia,2023-01-03,2023-12-05,No
Operational QA Data Analyst,PT BFI Finance Indonesia Tbk,Tangerang,Indonesia,2023-03-30,2023-05-28,No
Frontend React.Js (Contract Based),Aleph Labs,Jakarta,Indonesia,2023-03-30,2023-05-29,No
Central Leader,PT BFI Finance Indonesia Tbk,Tangerang,Indonesia,2023-03-04,2023-05-29,No
B2B Sales Manager,Dekoruma,Kota Jakarta Barat,Indonesia,2023-06-04,2023-03-10,No
Admin Finance,Kelas Pintar,Kota Jakarta Selatan,Indonesia,2023-10-04,2023-08-06,No
Asset Officer (Contract-Based),PT Berlian Sistem Informasi,East Jakarta,Indonesia,2023-03-31,2023-05-30,No
Data Engineer,PT Global Urban Esensial,South Tangerang,Indonesia,2023-03-24,2023-05-27,Yes
IOS & Android Developer,PT Adi Data Informatika,Jakarta Barat,Indonesia,2023-12-04,2023-10-06,No
Risk Manager | PinjamModal,PT BFI Finance Indonesia Tbk,Tangerang,Indonesia,2023-03-24,2023-05-21,No
Android Developer,PhinCon,Jakarta Selatan,Indonesia,2023-11-04,2023-05-30,No
Product Manager,FinAccel,South Jakarta,Indonesia,2023-01-02,2023-08-18,No
Moderation Trainers,Gear Inc,Denpasar,Indonesia,2023-05-04,2023-04-19,No
"Bancassurance Officer (Area: Balikpapan, Banjarmasin, Batam, Pekanbaru, Tebing Tinggi, Rantau Prapat)",PT Panin Dai-Ichi Life (Bancassurance),Banjarmasin,Indonesia,2023-01-03,2023-05-22,Yes
Sales Officer (Placement in Bali),"DOKU, PT NUSA SATU INTI ARTHA",South Jakarta,Indonesia,2023-03-04,2023-04-29,Yes
Credit Analyst (Retail Underwriter Officer),Astra Credit Companies (ACC),Yogyakarta,Indonesia,2023-03-24,2023-12-30,No
Finance Manager,PT Fajar Gelora Inti,Jakarta Pusat,Indonesia,2023-03-04,2023-04-30,No
Collector,Sinar Metrindo Perkasa,Jakarta Barat,Indonesia,2023-04-04,2023-04-30,No
Product Owner,PT Global Urban Esensial,South Tangerang,Indonesia,2023-03-24,2023-05-16,Yes
Data Scientist,Home Credit Indonesia,South Jakarta,Indonesia,2023-01-03,2023-07-05,No
Data Analytics Head,PT BFI Finance Indonesia Tbk,Tangerang,Indonesia,2023-01-03,2023-04-30,No
Risk Management Staff,Asuransi Astra,South Jakarta,Indonesia,2023-03-21,2023-04-30,No
Branch Operation Management,PT BFI Finance Indonesia Tbk,Tangerang,Indonesia,2023-01-03,2023-07-05,No
Flutter Mobile | Web Developer,Gluon Consulting Pte. Ltd.,Central Jakarta,Indonesia,2023-01-03,2023-06-30,Yes
IT Product Management,PT Berlian Sistem Informasi,Jakarta Timur,Indonesia,2023-01-02,2023-09-19,No
Senior Merchandiser,Howel and Co,Jakarta Barat,Indonesia,2023-01-03,2023-04-29,No
System Analyst,SEVIMA,Surabaya,Indonesia,2023-01-03,2023-11-05,Yes
Account Executive,MileApp,West Jakarta,Indonesia,2023-03-21,2023-05-20,Yes
System & Cloud Engineer,"DOKU, PT NUSA SATU INTI ARTHA",Jakarta Selatan,Indonesia,2023-06-04,2023-03-06,Yes
Head of Linux System Administrator,Niagahoster,Sleman,Indonesia,2023-01-03,2023-10-30,Yes
iOS Developer,Perqara,Jakarta Selatan,Indonesia,2023-01-03,2023-04-29,No
Online Sales Advisor (Interior),Dekoruma,Kota Jakarta Barat,Indonesia,2023-01-03,2023-05-05,No
Employee Experience Supervisor,PT Dipo Star Finance,Jakarta Pusat,Indonesia,2023-11-04,2023-09-06,No
Sales Manager,GITS Indonesia,Bandung Kota,Indonesia,2023-03-27,2023-07-23,No
.Net Developer,PT Astra Graphia Information Technology,Kota Jakarta Pusat,Indonesia,2023-10-04,2023-07-30,No
Accounting and Finance Officer,PT Berlian Sistem Informasi,East Jakarta,Indonesia,2023-01-03,2023-04-29,No
Accounting Associate,PT Dipo Star Finance,Jakarta Pusat,Indonesia,2023-12-04,2023-05-24,No
Business Analyst,paper.id,North Jakarta,Indonesia,2023-03-27,2023-04-29,No
Field Audit - Kupang,PT BFI Finance Indonesia Tbk,Kupang,Indonesia,2023-03-27,2023-04-29,No
B2B Sales Executive,Dekoruma,Kota Jakarta Barat,Indonesia,2023-01-03,2023-05-16,No
Custodian Leader,PT BFI Finance Indonesia Tbk,Tangerang,Indonesia,2023-01-03,2023-04-30,No
Officer Financial Planning & Analysis,PT Jalin Pembayaran Nusantara,Kota Jakarta Selatan,Indonesia,2023-01-03,2023-04-29,Yes
Actuary Pricing,PT Asuransi Allianz Life Indonesia,South Jakarta,Indonesia,2023-03-04,2023-06-29,No
Custodian Admin,PT BFI Finance Indonesia Tbk,Tangerang,Indonesia,2023-03-30,2023-05-27,No
Kepala Pabrik Makanan,Sharon Bakery (PT Multi Star Rukun Abadi),Tabanan,Indonesia,2023-01-02,2023-04-14,No
Distribution Development Manager Sulawesi,Kraft Heinz ABC Indonesia,Makassar,Indonesia,2023-03-04,2023-05-29,No
Telesales Respresentative,Cyber Future Forex,Jakarta,Indonesia,2023-12-04,2023-10-06,No
IT Microservices Architecture,PT Prodia Widyahusada Tbk. (Prodia),Central Jakarta,Indonesia,2023-01-03,2023-04-29,No
Account Manager,SEVIMA,Surabaya,Indonesia,2023-01-03,2023-04-28,No
Sales Supervisor - SP Jember,Sharon Bakery (PT Multi Star Rukun Abadi),Jember,Indonesia,2023-01-02,2023-04-24,No
Bancassurance Officer (Area: DKI Jakarta & Jawa Barat),PT Panin Dai-Ichi Life (Bancassurance),Central Jakarta,Indonesia,2023-03-04,2023-04-14,No
Senior Content Writer,paper.id,North Jakarta,Indonesia,2023-01-03,2023-04-29,No
Business Development,TOMP'S,Jakarta Selatan,Indonesia,2023-03-31,2023-05-19,No
BFI Finance X Arkavidia - Data Architect,PT BFI Finance Indonesia Tbk,Tangerang,Indonesia,2023-01-02,2023-12-29,No
"DevOps, SAP & Data Analyst Bootcamp",PT Berlian Sistem Informasi,Jakarta Timur,Indonesia,2023-01-03,2023-05-30,No
BFI Finance X Arkavidia - Data Engineer,PT BFI Finance Indonesia Tbk,Tangerang,Indonesia,2023-01-02,2023-12-30,No
Presales SSA,Mitra Solusi Infokom,Jakarta Barat,Indonesia,2023-12-04,2023-05-29,Yes
Lead Product Manager,PT Global Urban Esensial,South Tangerang,Indonesia,2023-01-03,2023-08-05,No
Program Staf Pendukung Operasi (PSPO),PT Bank Central Asia Tbk,Central Jakarta,Indonesia,2023-04-04,2023-11-12,No
IT MIS & Customer Application,FIFGROUP,South Jakarta,Indonesia,2023-12-04,2023-10-06,No
Operations Online Staff,OY! Indonesia,Kota Jakarta Selatan,Indonesia,2023-10-04,2023-08-06,No
Collection - Penempatan Banyuwangi,PT BFI Finance Indonesia Tbk,Banyuwangi,Indonesia,2023-06-04,2023-04-05,No
E-commerce Staff,Jaris & K,Jakarta Selatan,Indonesia,2023-04-13,2023-11-06,No
Senior Partnership,OY! Indonesia,Kota Jakarta Selatan,Indonesia,2023-10-04,2023-08-06,No
Motion Graphic Designer - KOMPAS TV,Kompas Gramedia,West Jakarta,Indonesia,2023-12-04,2023-05-30,No
Customer Relations Coordinator,Plaza Auto Group,South Jakarta,Indonesia,2023-01-03,2023-04-29,No
SAP MM/WM Consultant,Abhidi Solution,Jakarta Pusat,Indonesia,2023-10-04,2023-08-06,No
Budget Officer,PaninBank,Jakarta Pusat,Indonesia,2023-03-04,2023-04-14,No
Digital Marketing Specialist,TOMP'S,Jakarta Selatan,Indonesia,2023-05-04,2023-05-30,No
Machine Learning Engineer,Nomura Research Institute Indonesia,Jakarta Pusat,Indonesia,2023-01-01,2023-01-14,Yes
Associate Product Manager (Jakarta and Malang),paper.id,North Jakarta,Indonesia,2023-06-04,2023-04-29,No
Backend Developer,Kompas Gramedia,West Jakarta,Indonesia,2023-03-24,2023-05-21,No
Data Analyst,PT Bank Central Asia Tbk,Central Jakarta,Indonesia,2023-01-02,2023-12-12,No
Renewal (Retention/Account Management),Lamudi.co.id,Jakarta,Indonesia,2023-03-28,2023-05-26,No
Mid-Senior English Content Writer (Digital Content Writer),Niagahoster,Sleman,Indonesia,2023-01-01,2023-04-29,Yes
Leadership Acceleration Program (LEAP),Great Giant Foods,Jakarta,Indonesia,2023-11-04,2023-10-05,No
Mandarin Translator,Hastari Corporation,Jakarta Selatan,Indonesia,2023-01-03,2023-08-05,No
iOS Developer,PT Midas Daya Teknologi,Jakarta,Indonesia,2023-11-04,2023-05-29,No
BCA Development Program IT (BDP IT),PT Bank Central Asia Tbk,Central Jakarta,Indonesia,2023-12-04,2023-12-30,No
Sr. DevOps Consultant,Packet Systems Indonesia,Kota Jakarta Selatan,Indonesia,2023-01-03,2023-12-10,No
Research and Development Intern,Hangry,Jakarta Barat,Indonesia,2023-11-04,2023-09-05,No
Outbound Sales Officer,PT Gema Mulia Semesta (SOUVIA),Bogor Kota,Indonesia,2023-04-04,2023-11-05,No
Security Operations Center Engineer,PT Bank Central Asia Tbk,Central Jakarta,Indonesia,2023-01-01,2023-11-12,No
Senior Associate Center of Operations and Financial Excellence (COFE),Tokopedia,South Jakarta,Indonesia,2023-01-02,2023-04-16,No
Quality Assurance Tester,PT Adi Data Informatika,Jakarta Barat,Indonesia,2023-01-01,2023-07-30,No
Network Engineer,PT Mastersystem Infotama,Kota Jakarta Pusat,Indonesia,2023-11-04,2023-04-29,No
Account Manager (Production House),IDN Media,Jakarta,Indonesia,2023-03-20,2023-05-29,No
IT Quality Assurance Automation - Pakuwon Tower Recruitment Center IGLO,PT. Indocyber Global Technology,South Jakarta,Indonesia,2023-11-04,2023-12-30,No
President Director,PT Sinar Mas Digital Ventures,Surabaya,Indonesia,2023-01-02,2023-09-12,No
Chief Financial Officer,PT Sinar Mas Digital Ventures,Jakarta Selatan,Indonesia,2023-01-02,2023-08-05,No
System Analyst,PT Midas Daya Teknologi,Jakarta,Indonesia,2023-03-28,2023-05-26,No
Senior Business Intelligence Analyst,Kitabisa,South Jakarta,Indonesia,2023-01-02,2023-04-30,Yes
Branch Administration Officer,Marga Nusantara Jaya,Jakarta Timur,Indonesia,2023-01-01,2023-12-30,No
Data Analyst,OONA Insurance Indonesia,Jakarta Selatan,Indonesia,2023-12-04,2023-05-30,No
Professional Development Program - Technology,PT BCA Finance,South Jakarta,Indonesia,2023-11-04,2023-09-07,No
System Analyst,paper.id,North Jakarta,Indonesia,2023-10-04,2023-08-06,No
Kepala Produksi Bread Crumb,Sharon Bakery (PT Multi Star Rukun Abadi),Bandung Kabupaten,Indonesia,2023-03-31,2023-05-29,No
Java Developer,28Grup,Jakarta Selatan,Indonesia,2023-03-28,2023-05-26,No
Talent Acquisition Manager,paper.id,North Jakarta,Indonesia,2023-06-04,2023-05-13,No
IT Programmer - Universitas Multimedia Nusantara,Kompas Gramedia,Tangerang,Indonesia,2023-03-31,2023-06-30,No
Data Analytics Intern,Ivosights,Jakarta Selatan,Indonesia,2023-10-04,2023-04-29,No
Fullstack Engineer,FinAccel,Central Jakarta,Indonesia,2023-01-01,2023-12-30,No
IT Business Information,Asuransi Astra,South Jakarta,Indonesia,2023-03-30,2023-05-22,Yes
Customer Relations Coordinator,Plaza Auto Group,Surabaya,Indonesia,2023-05-04,2023-05-29,No
Dealer Financing Car Supervisor (Surabaya-Sidoarjo),PT BFI Finance Indonesia Tbk,Surabaya,Indonesia,2023-01-02,2023-04-20,No
Tech Lead (Jakarta and Malang),paper.id,North Jakarta,Indonesia,2023-03-28,2023-04-29,No
Head of Corporate Sales,Alodokter,Kota Jakarta Selatan,Indonesia,2023-01-02,2023-04-18,No
BFI Finance X Arkavidia - Technical Lead,PT BFI Finance Indonesia Tbk,South Tangerang,Indonesia,2023-01-02,2023-05-30,Yes
Senior UX Researcher,FinAccel,South Jakarta,Indonesia,2023-01-03,2023-04-28,No
Partnership & Program Development Specialist,PT BFI Finance Indonesia Tbk,Tangerang,Indonesia,2023-01-03,2023-01-05,No
Salesforce Developer,Mitra Solusi Infokom,Jakarta Barat,Indonesia,2023-03-29,2023-04-22,Yes
HR Compensation & Benefits,GITS Indonesia,Bandung Kota,Indonesia,2023-11-04,2023-09-08,No
Business Operation Associate,paper.id,North Jakarta,Indonesia,2023-03-04,2023-01-06,No
Senior Presales Engineer,PT Mastersystem Infotama,Kota Jakarta Pusat,Indonesia,2023-01-03,2023-05-05,No
Data Engineer (Banking Project),PT. Jasa Teknologi Informasi IBM,Central Jakarta,Indonesia,2023-01-03,2023-06-13,No
Sr. iOS Engineer,FinAccel,South Jakarta,Indonesia,2023-01-01,2023-05-29,No
Product Analyst - Risk,FinAccel,South Jakarta,Indonesia,2023-01-02,2023-04-29,No
SALES ADMINISTRATION OFFICER,Marga Nusantara Jaya,Jakarta Timur,Indonesia,2022-01-11,2023-05-30,No
Back End Developer,PT Inosoft Trans Sistem,Surabaya,Indonesia,2023-01-03,2023-05-05,Yes
Senior IT Engineers (GOV/DEV/INF) / Professional Trainers,PT Andalan Nusantara Teknologi,Jakarta Pusat,Indonesia,2023-01-03,2023-06-14,No
DevOps Engineer,GITS Indonesia,Bandung Kota,Indonesia,2023-03-21,2023-06-23,Yes
Client Success Associate,Kalibrr,South Jakarta,Indonesia,2023-03-31,2023-05-29,No
Junior Backend Developer,AITINDO,Tangerang Kabupaten,Indonesia,2023-06-04,2023-04-06,Yes
Back End (PHP) Developer [CONTRACT BASED],Aleph Labs,Kota Jakarta Selatan,Indonesia,2023-01-03,2023-05-24,No
Risk Infrastructure & Reliability Specialist,Investree,Jakarta,Indonesia,2023-03-24,2023-05-17,No
Lead Digital Strategic - Digital Agency,Kompas Gramedia,West Jakarta,Indonesia,2023-01-01,2023-06-16,No
ETL Developer,PT Bumi Amartha Teknologi Mandiri,Jakarta Selatan,Indonesia,2023-01-01,2023-12-30,No
Backend Developer,PCS Group,Tangerang Selatan,Indonesia,2023-01-02,2023-04-29,No
QA Engineer (Mobile),FinAccel,South Jakarta,Indonesia,2023-01-03,2023-12-27,No
Corporate Communication Staff,PT BFI Finance Indonesia Tbk,Tangerang,Indonesia,2023-01-02,2023-04-22,No
SPV Accounting & Finance,Sharon Bakery (PT Multi Star Rukun Abadi),Bandung Kabupaten,Indonesia,2023-06-04,2023-04-06,No
CEO Office,Kitabisa,South Jakarta,Indonesia,2023-04-13,2023-11-06,No
Back End Developer,PT Bumi Amartha Teknologi Mandiri,Jakarta Selatan,Indonesia,2023-01-03,2023-05-13,No
Business Development Internship (Thudio),Dekoruma,Kota Jakarta Barat,Indonesia,2023-03-04,2023-01-06,No
Risk Underwriting Technology Analyst,Home Credit Indonesia,South Jakarta,Indonesia,2023-01-03,2023-04-13,No
Data Analyst,Packet Systems Indonesia,Kota Jakarta Selatan,Indonesia,2023-01-03,2023-12-05,Yes
Senior Digital Strategy Associate (Production House),IDN Media,Jakarta,Indonesia,2023-12-04,2023-05-19,No
Leadership Acceleration Program (LEAP) 2023,Great Giant Foods,Jakarta Selatan,Indonesia,2023-11-04,2023-10-05,No
Product Manager,PT 8 Elements,Jakarta Barat,Indonesia,2023-01-03,2023-04-05,No
Recruitment Analyst - Career Readiness Program,Kompas Gramedia,West Jakarta,Indonesia,2023-04-13,2023-04-30,No
Admin Project Officer,Jaris & K,Jakarta Selatan,Indonesia,2023-12-04,2023-08-06,No
"Audit, Data Analytics",Permata Bank,Tangerang,Indonesia,2023-01-02,2023-06-29,No
Data Center System Operator & Facility Management,PT Bank Central Asia Tbk,Central Jakarta,Indonesia,2022-01-11,2023-12-12,No
IT Risk and Compliance Specialist,Home Credit Indonesia,South Jakarta,Indonesia,2023-04-04,2023-05-30,No
"Bancassurance Officer (Area: Bali, Mataram, Surabaya, Kendari, Solo, Manado, Palembang)",PT Panin Dai-Ichi Life (Bancassurance),Surabaya,Indonesia,2023-10-04,2023-04-24,No
Operations Lead,PT Sinar Mas Digital Ventures,Bekasi,Indonesia,2023-01-02,2023-05-22,No
Product Manager (EdTech),PT Synergy Academy Indonesia,Jakarta,Indonesia,2023-03-30,2023-05-28,No
Marketing Research Officer - KOMPAS TV,Kompas Gramedia,West Jakarta,Indonesia,2023-01-02,2023-04-15,No
Technical Solution Developer,PT Mastersystem Infotama,Kota Jakarta Pusat,Indonesia,2023-01-02,2023-04-21,No
"Leadership Acceleration Program (MT) Management, Finance, Accounting",Great Giant Foods,Jakarta,Indonesia,2023-11-04,2023-11-05,No
Plantation Academy,Great Giant Foods,Central Lampung,Indonesia,2023-11-04,2023-10-05,No
Database Engineer,PT Bank Central Asia Tbk,Central Jakarta,Indonesia,2022-01-12,2023-09-12,No
Supervisor Maintenance & Sipil,Kompas Gramedia,Bogor Kota,Indonesia,2023-03-04,2023-05-30,No
Leadership Acceleration Program (MT) HR Organization Development,Great Giant Foods,Jakarta,Indonesia,2023-11-04,2023-11-05,No
Bancassurance Officer (Area: Jawa Timur & Jawa Tengah),PT Panin Dai-Ichi Life (Bancassurance),Surabaya,Indonesia,2023-03-31,2023-04-14,No
Marketing Manager,PT Ocean Centra Furnindo,North Jakarta,Indonesia,2023-10-04,2023-06-06,No
IT Business Analyst,PT InfraCom Technology,Jakarta Pusat,Indonesia,2023-04-04,2023-06-19,No
IBM Cognos TM1,PT Astra Graphia Information Technology,Kota Jakarta Pusat,Indonesia,2023-01-02,2023-04-23,No
BackEnd Developer,PT Transnovasi Bangun Persada,Jakarta,Indonesia,2023-11-04,2023-01-05,No
Data Scientist,PT BFI Finance Indonesia Tbk,Tangerang,Indonesia,2023-01-01,2023-07-29,No
Senior Quality Assurance Engineer,JULO,South Jakarta,Indonesia,2023-05-04,2023-05-30,No
Distribution Development Manager Sumatera II,Kraft Heinz ABC Indonesia,Palembang,Indonesia,2023-11-04,2023-09-06,No
Senior Business Analyst,PT Midas Daya Teknologi,Jakarta,Indonesia,2023-03-29,2023-05-27,No
Senior Product Manager,Manuva (Formerly Tjetak),Central Jakarta,Indonesia,2023-03-31,2023-05-30,No
Data Engineer,Kompas Gramedia,West Jakarta,Indonesia,2023-01-01,2023-04-29,No
IT Business Analyst,NTT INDONESIA TECHNOLOGY,Jakarta Selatan,Indonesia,2023-01-03,2023-02-05,No
Anti Fraud Officer,FIFGROUP,South Jakarta,Indonesia,2023-11-04,2023-09-06,No
Business Intelligence Senior Analyst,Kraft Heinz ABC Indonesia,Jakarta Selatan,Indonesia,2023-10-04,2023-08-06,No
Account Manager,PT Phintraco Technology,South Jakarta City,Indonesia,2023-01-03,2023-04-14,No
Finance Treasury Intern,Great Giant Foods,Jakarta,Indonesia,2023-11-04,2023-10-05,No
CRM Analytics Specialist,PT. Astra Welab Digital Arta,South Jakarta,Indonesia,2023-10-04,2023-05-30,No
Security Governance Specialist,PT Bank Central Asia Tbk,Central Jakarta,Indonesia,2022-01-09,2023-12-12,No
Search Engine Optimization (SEO) Specialist,Great Giant Foods,Jakarta,Indonesia,2023-11-04,2023-10-05,No
Head Sales & Marketing,PT Ocean Centra Furnindo,North Jakarta,Indonesia,2023-10-04,2023-04-06,No
ETL Consultant,NTT INDONESIA TECHNOLOGY,South Jakarta,Indonesia,2023-01-03,2023-05-30,No
SPEKTRA and MPF Financing Marketing Area Officer,FIFGROUP,South Jakarta,Indonesia,2023-01-03,2023-05-13,No
Offline Merchant Acquisition Manager,FinAccel,Central Jakarta,Indonesia,2023-12-04,2023-06-29,No
IT System Administrator & DevOps,PT Transnovasi Bangun Persada,Jakarta,Indonesia,2023-06-04,2023-01-05,No
Business Intelligence Analyst,Kitabisa,South Jakarta,Indonesia,2023-01-02,2023-06-12,Yes
Credit Manager,Investree,South Jakarta,Indonesia,2023-03-24,2023-05-17,No
Digital Marketing Technology Developer,"PT Bank OCBC NISP, Tbk",Tangerang,Indonesia,2023-01-03,2023-05-20,No
System Information & Technology Audit – Continuous Auditing,PaninBank,Jakarta Pusat,Indonesia,2023-10-04,2023-04-17,No
Cyber Security Engineer,PT Bank Central Asia Tbk,Central Jakarta,Indonesia,2022-01-09,2023-12-12,No
Back End Developer - Digital IT,Kompas Gramedia,Jakarta Pusat,Indonesia,2023-03-20,2023-05-18,No
Project Coordinator,PT Mastersystem Infotama,Kota Jakarta Pusat,Indonesia,2023-03-30,2023-05-30,No
Human Capital & General Services Staff,AstraPay,Jakarta Pusat,Indonesia,2023-01-01,2023-05-13,No
Human Capital Performance & Reward Officer,FIFGROUP,South Jakarta,Indonesia,2023-01-01,2023-04-13,No
Business Performance Analyst Lead,Investree,South Jakarta,Indonesia,2023-03-24,2023-05-17,Yes
Senior IT Enterprise Architecture,PT Bank Central Asia Tbk,Central Jakarta,Indonesia,2022-01-09,2023-12-12,No
Market Analyst,Great Giant Foods,Jakarta,Indonesia,2023-11-04,2023-10-05,No
Business Account Manager,PT Mobilitas Digital Indonesia,East Jakarta,Indonesia,2023-06-04,2023-04-06,No
Network Engineer,PT Astra Graphia Information Technology,Kota Jakarta Pusat,Indonesia,2023-01-03,2023-07-05,No
Sales Support Admin,Great Giant Foods,Jakarta,Indonesia,2023-11-04,2023-10-05,No
Product Ownership Staff,AstraPay,South Jakarta,Indonesia,2023-01-01,2023-05-18,No
Implementation Consultant,PT Sofco Graha,Jakarta Pusat,Indonesia,2023-03-21,2023-05-19,No
Warehouse Staff - Cikupa,Great Giant Foods,Tangerang,Indonesia,2023-11-04,2023-11-05,No
Tax Administrator,PT. Astra Welab Digital Arta,South Jakarta,Indonesia,2023-03-21,2023-05-30,No
System Analyst,PT Bumi Amartha Teknologi Mandiri,Jakarta Selatan,Indonesia,2023-03-30,2023-06-28,No
MT - Credit Analyst (Tangerang),PT BFI Finance Indonesia Tbk,Tangerang,Indonesia,2023-03-29,2023-05-27,No
Quality Assurance - Tangerang Placement,Great Giant Foods,Tangerang,Indonesia,2023-11-04,2023-10-05,No
Database Administrator,NTT INDONESIA TECHNOLOGY,Jakarta Selatan,Indonesia,2023-01-02,2023-04-29,No
HR Operational Staff,Great Giant Foods,Jakarta,Indonesia,2023-11-04,2023-10-05,No
Support HRIS,PT Sofco Graha,Jakarta Pusat,Indonesia,2023-03-29,2023-05-27,No
Risk Collateral Product Head,PT BFI Finance Indonesia Tbk,Tangerang,Indonesia,2022-01-12,2023-05-30,No
Human Capital Internship (Magang),PT BFI Finance Indonesia Tbk,South Tangerang,Indonesia,2023-01-02,2023-05-30,No
IT HR System Specialist,Great Giant Foods,Central Lampung,Indonesia,2023-11-04,2023-11-05,No
Customer Development Leader - Food Service (CDL FS) Tangerang,Kraft Heinz ABC Indonesia,Tangerang,Indonesia,2023-03-24,2023-05-19,No
Tech Sales,PT Lyrid Teknologi Nusantara,Jakarta Utara,Indonesia,2023-01-01,2023-12-30,No
Senior Product Manager (Payments Platform),Flip.id,Depok City,Indonesia,2023-03-21,2023-05-19,Yes
Software Engineer,PT Asuransi Allianz Life Indonesia,Jakarta,Indonesia,2023-01-03,2023-05-29,No
Project Manager - Digital Supply Chain,Great Giant Foods,Jakarta,Indonesia,2023-11-04,2023-11-05,No
SEO Specialist,Renos.id,Jakarta,Indonesia,2023-01-03,2023-04-29,Yes
Regular Project Auditor,Great Giant Foods,Central Lampung,Indonesia,2023-11-04,2023-11-05,No
Personal Admin Intern,Great Giant Foods,Jakarta,Indonesia,2023-11-04,2023-11-05,No
Internal Auditor,FinAccel,South Jakarta,Indonesia,2023-01-03,2023-07-05,No
Collection Analytics & Policy Specialist,PT. Astra Welab Digital Arta,South Jakarta,Indonesia,2023-01-03,2023-04-27,No
Performance Marketing Executive,FinAccel,South Jakarta,Indonesia,2023-01-02,2023-04-29,No
Head of Marketing,Renos.id,Jakarta Selatan,Indonesia,2023-01-02,2023-04-09,No
Supply Chain & Product Excellent,Allvacon,Jakarta,Indonesia,2023-01-02,2023-04-21,No
Fashion Merchandiser & Authenticator,Tinkerlust,South Jakarta,Indonesia,2023-01-02,2023-06-29,No
Customer Relationship Management Staff,AstraPay,Jakarta Pusat,Indonesia,2023-01-02,2023-04-22,No
"Front Office Support - Branch Bogor, Cibinong, Depok",PT BFI Finance Indonesia Tbk,Bogor City,Indonesia,2023-01-02,2023-04-20,No
PHP Docker Kubernetes Developer (Remote),PT Lyrid Teknologi Nusantara,Jakarta Utara,Indonesia,2023-01-01,2023-12-24,Yes
Product Owner,Great Giant Foods,Jakarta,Indonesia,2023-11-04,2023-10-05,No
IT Infrastructure,FIFGROUP,South Jakarta,Indonesia,2023-01-01,2023-04-19,No
Audit Specialist - Branch Sunter,PT BFI Finance Indonesia Tbk,South Jakarta,Indonesia,2023-01-02,2023-04-22,No
Safety Improvement & Standard Specialist,Great Giant Foods,Central Lampung,Indonesia,2023-01-02,2023-04-15,No
Assistant Personal Banker,PT Bank Central Asia Tbk,Central Jakarta,Indonesia,2022-01-10,2023-12-12,No
Finance Accounting Staff - Blitar,Great Giant Foods,Blitar,Indonesia,2023-11-04,2023-11-05,No
Field Audit Specialist (Sunter),PT BFI Finance Indonesia Tbk,North Jakarta,Indonesia,2023-01-02,2023-04-13,No
IT Auditor Jr Manager,Great Giant Foods,Jakarta,Indonesia,2023-11-04,2023-10-05,No
B2B Sales Executive (BALI),Kanmo Group,Denpasar,Indonesia,2023-01-02,2023-04-13,No
Human Resource (HR) Supervisor (PT. Sinar Dyandra Abadi),Kompas Gramedia,Tangerang Kota,Indonesia,2023-01-02,2023-04-24,No
Front Office Support (Admin) - Branch Cibubur,PT BFI Finance Indonesia Tbk,Tangerang,Indonesia,2023-01-02,2023-04-13,No
Video Editor Intern - Kompas.com,Kompas Gramedia,West Jakarta,Indonesia,2023-01-01,2023-04-29,No
Senior Facility Management,Tokopedia,South Jakarta,Indonesia,2023-01-02,2023-04-14,No
HRIS Specialist,Great Giant Foods,Jakarta,Indonesia,2023-11-04,2023-11-05,No
Innovation Department Intern,Great Giant Foods,Jakarta,Indonesia,2023-11-04,2023-11-05,No
Pricing Analyst,Great Giant Foods,Jakarta,Indonesia,2023-11-04,2023-10-05,No
Solution Analyst - Corporate IT & IS,Kompas Gramedia,Central Jakarta,Indonesia,2023-01-01,2023-04-29,No
Product Category Supervisor (F&B Industry),Great Giant Foods,Jakarta,Indonesia,2023-11-04,2023-10-05,No
Personnel Administration Officer,Great Giant Foods,Jakarta,Indonesia,2023-11-04,2023-11-05,No
Risk Management Staff,AstraPay,Jakarta Pusat,Indonesia,2023-01-01,2023-05-18,No
Finance Accounting Project Intern,Great Giant Foods,Central Lampung,Indonesia,2023-01-01,2023-08-30,No
Human Capital Digital & Operation System,FIFGROUP,South Jakarta,Indonesia,2023-01-01,2023-04-25,No
Intern - Finance & Accounting Business Partner,Great Giant Foods,South Jakarta,Indonesia,2023-11-04,2023-11-05,No
Operation Manager,Great Giant Foods,Jakarta,Indonesia,2023-11-04,2023-11-05,No
Business Development Executive,Jaris & K,Jakarta Selatan,Indonesia,2023-05-04,2023-05-29,No
Network Engineer,Siloam Hospitals Group,Tangerang Kota,Indonesia,2023-01-02,2023-04-20,No
Tax NSA Jr. Specialist,Great Giant Foods,Blitar,Indonesia,2023-01-03,2023-05-31,No
Accounting Intern,Great Giant Foods,Jakarta Pusat,Indonesia,2023-01-02,2023-04-29,No
Network Security Engineer,NTT INDONESIA TECHNOLOGY,Kota Jakarta Pusat,Indonesia,2022-01-09,2023-08-09,No
IT Planning & Governance,FIFGROUP,South Jakarta,Indonesia,2022-01-08,2023-09-08,No
HR Organizational Development Internship,Great Giant Foods,Jakarta Pusat,Indonesia,2023-01-01,2023-06-29,No
Senior Credit Analyst | Pinjam Modal,PT BFI Finance Indonesia Tbk,Tangerang,Indonesia,2022-01-07,2023-05-29,No
Accounting Specialist ( Pinjam Modal),PT BFI Finance Indonesia Tbk,Tangerang,Indonesia,2022-01-07,2023-08-07,No
Senior Data Engineer,"LENA - Lately, Everything Needs Analytics",Pasig,Philippines,2023-11-04,2023-10-30,Yes
Data Engineer,ATR Asset Management (ATRAM),Makati,Philippines,2023-04-13,2023-11-06,No
Data Platform Engineer,Accenture Philippines,Mandaluyong,Philippines,2023-03-04,2023-04-17,No
Data Analytics Officer,Data Analytics Ventures Inc. (DAVI),Pasig,Philippines,2023-01-01,2023-04-29,Yes
Data Engineer,Questronix Corporation,Makati,Philippines,2023-01-02,2023-12-30,No
Data Analytics Manager,Accenture Philippines,Mandaluyong,Philippines,2023-03-21,2023-12-05,No
Data Researcher,"SG Interactive, Inc.",Bacolod,Philippines,2023-01-02,2023-04-13,No
Data Analytics Manager,Mega Fishing Corporation,Quezon City,Philippines,2023-03-28,2023-05-30,No
Healthcare Data Analysts | Manila,Aces Call Center Jobs Inc.,Manila,Philippines,2023-03-25,2023-05-26,Yes
Data Modeling Analyst,Accenture Philippines,Mandaluyong,Philippines,2023-03-30,2023-05-28,No
Data Privacy Supervisor,PAFCPIC | Philippine Army Finance Center Producers Integrated Cooperative,Taguig,Philippines,2023-04-04,2023-01-06,No
GIS Specialist | Data Production,"Geodata Systems Technologies, Inc.",Pasig,Philippines,2023-03-30,2023-04-29,No
Data Analyst,Mega Fishing Corporation,Quezon City,Philippines,2023-03-23,2023-05-21,No
CRM Data Specialist,Accenture Philippines,Mandaluyong,Philippines,2023-03-23,2023-05-21,No
Internal Auditor | Data Collection,"GJH Sercons, Inc.",Taguig,Philippines,2023-03-19,2023-04-17,No
Data Annotation Specialist,Elite Worldgroup,Mandaluyong,Philippines,2023-01-02,2023-04-23,No
Software Engineer | Data Analytics,Responsible Internet Sustainability Effort Inc. | RISE,Cebu City,Philippines,2023-01-03,2023-04-20,No
Data Science Manager,BuildZoom,Quezon City,Philippines,2023-01-03,2023-04-05,No
Data Protection Officer,Propelrr,Makati,Philippines,2023-04-04,2023-06-26,No
Data Scientist,ATR Asset Management (ATRAM),Makati,Philippines,2023-03-31,2023-05-30,No
Data Engineer,"Trends Group, Inc.",Makati,Philippines,2022-01-12,2023-12-17,No
Master Data Officer,Union Galvasteel Corporation,Makati,Philippines,2023-01-02,2023-11-06,No
Junior Data Analyst,M2.0 Communications Inc.,Quezon,Philippines,2023-03-04,2023-01-06,No
Healthcare Data Analysts | Quezon City,Aces Call Center Jobs Inc.,Manila,Philippines,2023-10-04,2023-09-06,Yes
Digital Product Owner,Data Analytics Ventures Inc. (DAVI),Pasig,Philippines,2023-03-04,2023-05-30,Yes
Talend Big Data Developer,Accenture Philippines,Mandaluyong,Philippines,2023-03-04,2023-04-17,No
Snowflake Data Warehouse Consultant,Accenture Philippines,Mandaluyong,Philippines,2023-03-04,2023-04-17,No
Product Officer,Data Analytics Ventures Inc. (DAVI),Pasig,Philippines,2023-03-04,2023-05-30,Yes
Software Developer,Data Analytics Ventures Inc. (DAVI),Pasig,Philippines,2023-03-28,2023-04-29,Yes
Data Quality Management Lead,AboitizPower,Taguig,Philippines,2023-03-21,2023-05-19,No
Data Privacy Assistant,PAFCPIC | Philippine Army Finance Center Producers Integrated Cooperative,Taguig,Philippines,2023-01-03,2023-04-29,No
Automation Specialist,Data Analytics Ventures Inc. (DAVI),Pasig,Philippines,2023-03-20,2023-04-29,Yes
Business Analyst | Quality Assurance,Pacific Data Resources (Asia) Inc.,Makati,Philippines,2023-01-02,2023-07-16,No
Data Analyst,"Ares Merchants Philippines, Inc.",Makati,Philippines,2023-01-03,2023-11-05,No
SAP Master Data Governance Consultant,Accenture Philippines,Mandaluyong,Philippines,2023-04-04,2023-04-18,No
Software Developer | Full Stack | Programmer,Pacific Data Resources (Asia) Inc.,Makati,Philippines,2023-01-01,2023-12-29,Yes
Data Analyst,"PETNET, Inc.",Makati,Philippines,2023-03-21,2023-05-27,No
Junior Programmer,Pacific Data Resources (Asia) Inc.,Makati,Philippines,2023-01-01,2023-12-30,Yes
Internal Auditor | Data Collection | Field Auditor,"GJH Sercons, Inc.",Taguig,Philippines,2023-03-19,2023-04-17,No
Solution Manager – Data Analytics,Questronix Corporation,Makati,Philippines,2023-01-01,2023-11-01,No
Digital Data Gatherer | Python Developer,"BCI Asia Philippines, Inc.",Makati,Philippines,2023-01-02,2023-04-29,Yes
Data Analytics Associate,"Trends Group, Inc.",Makati,Philippines,2023-01-01,2023-12-30,No
Data Analyst,Quezon City Local Government,Quezon City,Philippines,2023-03-30,2023-04-29,No
Junior Data Engineer,"LENA - Lately, Everything Needs Analytics",Pasig,Philippines,2023-01-02,2023-04-29,Yes
C# Web Developer,Pacific Data Resources (Asia) Inc.,Makati,Philippines,2023-01-03,2023-05-08,Yes
Accounts Receivable Analyst,Data Analytics Ventures Inc. (DAVI),Pasig,Philippines,2023-03-29,2023-04-29,Yes
Infrastructure and Data Center Operations Manager,"Trends Group, Inc.",Makati,Philippines,2023-03-04,2023-02-04,No
Data Analyst,"Blue Spark Solutions, Inc.",Taguig,Philippines,2023-03-29,2023-11-01,Yes
Data Analyst | Hybrid Work,Affinity X,Quezon City,Philippines,2023-12-04,2023-10-06,No
Fishing Operations Data Analyst,Mega Fishing Corporation,Zamboanga City,Philippines,2023-03-23,2023-05-30,No
Data Science and Analytics Lead,"Trends Group, Inc.",Makati,Philippines,2023-01-03,2023-06-01,No
Research Analysts | Business & Data Analytics,"Cignal TV, Inc.",Mandaluyong,Philippines,2023-01-01,2023-12-30,No
Data Analyst,Code Ninja IT Solutions Inc,Quezon City,Philippines,2023-01-02,2023-04-21,Yes
Data Analyst,RICOH ( Philippines) Inc.,Makati,Philippines,2023-01-03,2023-04-29,No
Junior Data Scientist,"LENA - Lately, Everything Needs Analytics",Pasig,Philippines,2023-01-02,2023-04-29,Yes
Graphics Designer,Pacific Data Resources (Asia) Inc.,Makati,Philippines,2022-01-11,2023-10-20,No
Power BI | Data Visualization Engineer,"LENA - Lately, Everything Needs Analytics",Pasig,Philippines,2023-01-03,2023-04-29,Yes
Data and Machine Learning Engineer,Expedock,Makati,Philippines,2022-01-11,2023-06-09,Yes
Cloud Infrastructure Engineer,Data Analytics Ventures Inc. (DAVI),Pasig,Philippines,2023-01-01,2023-04-29,Yes
NCLEX Passer | Senior Nurse Data Analyst | Fort BGC,Aces Call Center Jobs Inc.,Mandaluyong,Philippines,2023-01-04,2023-02-06,No
Data Entry Operator,"Triplex Enterprises, Inc.",Makati,Philippines,2023-01-01,2023-08-30,No
Research and Data Analyst | Work From Home,B4B Solutions Inc.,Makati,Philippines,2023-01-02,2023-04-13,Yes
Data Analyst,Eagle Cement Corporation,Mandaluyong,Philippines,2022-01-09,2023-08-09,No
Research Data Analyst | Remote | Hybrid,Wide-out Workforces Inc.,Makati,Philippines,2023-01-02,2023-08-06,Yes
Apache Cassandra Administrator,Accenture Philippines,Mandaluyong,Philippines,2023-03-04,2023-04-17,No
Digital Analyst | Hybrid Set up,Propelrr,Makati,Philippines,2023-01-03,2023-05-19,No
Learning Operations Manager,Rakamin Academy,South Jakarta,Indonesia,2023-04-04,2023-12-05,Yes
Business Intelligence Developer,Magna Solusi Indonesia,Jakarta Selatan,Indonesia,2023-03-31,2023-05-30,Yes
Senior Software Engineer - Backend (Java) (Remote),Flip.id,Depok City,Indonesia,2023-01-03,2023-04-29,Yes
Backend Engineer,PT Teknologi Kuliner Kekinian (Runchise),Tangerang,Indonesia,2023-12-04,2023-05-27,Yes
Back-end Engineer,Investree,South Jakarta,Indonesia,2023-03-20,2023-03-17,Yes
Media Analyst | MMI,Media Meter,Quezon,Philippines,2023-03-04,2023-05-30,Yes
Content Strategist | Remote: International,MoneyGeek.com,San Francisco,United States,2023-04-04,2023-04-20,Yes
SSRS Developer,Blackfort Consulting Inc.,Taguig City,Philippines,2023-01-03,2023-04-29,Yes
Young Professional Application Customizer,Elite Talent Recruit,Taguig,Philippines,2023-03-27,2023-05-14,Yes
General Virtual Assistant,"Magic, Inc.",Taguig,Philippines,2023-03-31,2023-04-27,Yes
Mobile App Developer | Android,zennya Health,Makati,Philippines,2023-03-31,2023-04-29,Yes
Mobile App Developer | iOS,zennya Health,Makati,Philippines,2023-03-31,2023-04-29,Yes
Senior Python Developer,Elite Talent Recruit,Taguig,Philippines,2023-05-04,2023-05-30,Yes
Executive Unit Manager,AIA Philippines,Makati,Philippines,2023-01-02,2023-12-30,Yes
Dental Billing Specialist,"Vector Outsourcing Solutions Phils., Inc.",Mandaluyong,Philippines,2023-01-03,2023-05-14,Yes
Growth Manager,Expedock,Makati,Philippines,2023-03-31,2023-05-30,Yes
Tier 3 Systems Engineer,GCSIT,Quezon City,Philippines,2023-11-04,2023-09-06,Yes
F&B Sales Associate,Elite Talent Recruit,Makati,Philippines,2023-03-31,2023-05-31,Yes
Digital Marketing Analyst,Accenture Philippines,Mandaluyong,Philippines,2023-03-30,2023-04-29,Yes
Lead Generation Specialist,"Magic, Inc.",Taguig,Philippines,2023-01-03,2023-11-05,Yes
Video Content Specialist,Brighttank Inc.,Pasig,Philippines,2023-03-27,2023-06-26,Yes
E-Commerce Manager,Elite Talent Recruit,Makati,Philippines,2023-03-27,2023-05-16,Yes
Associate Software Engineer,Gigacover,Makati,Philippines,2023-12-04,2023-10-06,Yes
Associate Lawyer,"Trends Group, Inc.",Makati,Philippines,2023-12-04,2023-05-30,Yes
Forensic Accounting Sr. Specialist | Hybrid,Aboitiz Power Generation Group,Malabon,Philippines,2023-01-01,2023-12-30,Yes
PHP Developer/Hybrid Set-up,Propelrr,Makati,Philippines,2023-04-04,2023-06-29,Yes
USRN Healthcare Associates | North EDSA Quezon City,Aces Call Center Jobs Inc.,Quezon City,Philippines,2023-10-04,2023-09-06,Yes
Digital Marketing Specialist,StraightArrow Corporation,Pasig,Philippines,2023-01-03,2023-04-23,Yes
Application Programmer | SSO QPS,Questronix Corporation,Makati,Philippines,2023-01-01,2023-12-30,Yes
Sr. Recruiter,Mundo,Makati,Philippines,2023-11-04,2023-05-29,Yes
Full Stack Developer,Blackfort Consulting Inc.,Taguig City,Philippines,2023-01-02,2023-04-29,Yes
Software Engineer | Backend,JoyRide PH,Taguig,Philippines,2023-01-03,2023-12-03,Yes
Health Management Analysts | Hybrid Work Arrangement,Aces Call Center Jobs Inc.,Mandaluyong,Philippines,2023-10-04,2023-09-06,Yes
Product Development Specialist,Rua Seguridad Corp.,Quezon City,Philippines,2023-03-28,2023-04-29,Yes
Junior Client Success Manager,Edusuite Inc.,Muntinlupa,Philippines,2023-01-03,2023-06-24,Yes
Growth Manager,TalentHero,Pasig,Philippines,2023-03-31,2023-04-29,Yes
Customer Success Intern,Kalibrr,Makati,Philippines,2023-04-13,2023-11-09,Yes
Digital Marketing Assistant | Work From Home | Hybrid,Baytech BPO Corporation,Pasig,Philippines,2023-03-24,2023-04-29,Yes
Back End Engineer | Remote,Luwjistik,Singapore,Singapore,2023-10-04,2023-09-06,Yes
Real Estate Officer,Golden Arches Development Corporation | McDonald's Philippines,Makati,Philippines,2022-01-08,2023-08-24,Yes
Dental Verifier,"Vector Outsourcing Solutions Phils., Inc.",Mandaluyong,Philippines,2023-12-04,2023-05-14,Yes
US Registered Nurses USRN | Taguig,Aces Call Center Jobs Inc.,Taguig,Philippines,2023-03-25,2023-05-26,Yes
USRN Non-voice | Nurse Associate | Mall of Asia,Aces Call Center Jobs Inc.,Pasay City,Philippines,2023-01-03,2023-12-05,Yes
Research Intern,SN Aboitiz Power Group,Taguig,Philippines,2023-01-03,2023-05-05,Yes
Sales Executive,Code Ninja IT Solutions Inc,Quezon City,Philippines,2023-01-02,2023-04-19,Yes
Product Designer,Expedock,Makati,Philippines,2023-01-03,2023-04-27,Yes
USRN Associate Illinois License | Mall of Asia Pasay,Aces Call Center Jobs Inc.,Pasay City,Philippines,2023-01-04,2023-02-06,Yes
Digital Marketing Supervisor,Provocative Quality Apparel | Philippines,Angeles,Philippines,2023-01-03,2023-04-14,Yes
iOS-Android Developer | Hybrid Set-up,Propelrr,Makati,Philippines,2023-04-04,2023-06-27,Yes
Systems Engineer Security | ISU QSERV,Questronix Corporation,Makati,Philippines,2023-01-01,2023-12-30,Yes
Energy and Performance Management Sr. Engineer | Navotas,Aboitiz Power Generation Group,Navotas,Philippines,2023-11-04,2023-12-30,Yes
Project-based PHP Web Developer,Propelrr,Makati,Philippines,2023-01-03,2023-05-27,Yes
Senior Microsoft Dynamics CRM Application Customizer,Elite Talent Recruit,Taguig,Philippines,2023-03-27,2023-03-21,Yes
"Innovation and Change Lead | Toledo City, Cebu",Aboitiz Power Generation Group,Toledo City,Philippines,2023-01-02,2023-04-29,Yes
Project-based iOS/Android Developer,Propelrr,Makati,Philippines,2023-01-03,2023-04-27,Yes
Senior Sales Manager | Work From Home,Sun Life Financial - Diamond Tree NBO,Mandaluyong,Philippines,2023-04-13,2023-11-06,Yes
Game Writer,Game8 Global Inc.,Pasig,Philippines,2023-12-04,2023-05-30,Yes
Accounting Manager | Work From Home,Aux,Makati,Philippines,2023-05-04,2023-12-30,Yes
Intermediate TypeScript Developer,Elite Talent Recruit,Taguig,Philippines,2023-03-27,2023-05-18,Yes
SEO Specialist,BuildZoom,Quezon City,Philippines,2023-11-04,2023-05-15,Yes
Sales Specialist,Rua Seguridad Corp.,Quezon City,Philippines,2023-03-28,2023-04-29,Yes
WordPress Specialist,BuildZoom,Quezon City,Philippines,2023-11-04,2023-05-29,Yes
Virtual Assistant | Non Voice,Cyberbacker,Cebu City,Philippines,2023-03-21,2023-05-18,Yes
Market Development Associate | SAAS PH,Kalibrr,Makati,Philippines,2023-03-04,2023-05-31,Yes
Android Developer,"BlueFletch, LLC Representative Office",Muntinlupa,Philippines,2023-01-01,2023-06-29,Yes
E-commerce Associate,"Remedy Skintech, Inc.",Makati,Philippines,2023-01-03,2023-05-30,Yes
Tax Accountant,Sourced People PH Services Inc.,Angeles City,Philippines,2023-01-02,2023-05-14,Yes
Business Analyst,Crawfort Micro Lending Technologies Philippines Inc.,Manila,Philippines,2023-01-03,2023-11-05,Yes
Project Manager | Digital Advertisement,Affinity X,Quezon City,Philippines,2023-01-03,2023-05-14,Yes
PH Registered Nurses | Medical Account | Work From Home | Cebu,Aces Call Center Jobs Inc.,Cebu City,Philippines,2023-01-03,2023-05-19,Yes
Junior Software Engineers,"Advanced World Systems, Inc.",Muntinlupa,Philippines,2023-01-03,2023-06-15,Yes
Leasing Specialist,StraightArrow Corporation,Pasig,Philippines,2023-01-02,2023-04-17,Yes
Accounts Support Specialist,Mundo,Makati,Philippines,2023-03-31,2023-05-22,Yes
Marketing Project Manager,Affinity X,Quezon City,Philippines,2023-01-03,2023-05-05,Yes
Recruitment Operations Associate,Kalibrr,Makati,Philippines,2023-12-04,2023-04-05,Yes
Audio Mixing Intern,"Remedy Skintech, Inc.",Makati,Philippines,2023-03-23,2023-06-21,Yes
"Procurement Assistant | Project-based | Lapu-Lapu City, Cebu",Aboitiz Power Generation Group,Lapu-Lapu,Philippines,2023-01-03,2023-12-16,Yes
Information Security Analyst/Hybrid Set-up,Propelrr,Makati,Philippines,2023-04-04,2023-06-29,Yes
QuickBooks Specialist,CrewBloom,Makati,Philippines,2023-01-02,2023-12-20,Yes
Web Developer | Front-End,zennya Health,Makati,Philippines,2023-03-31,2023-04-30,Yes
AU Tax Accountant | Work from Home,B4B Solutions Inc.,Makati,Philippines,2023-01-03,2023-04-29,Yes
Customer Service Representative | Work From Home,Quantified Commerce,Manila,Philippines,2023-01-03,2023-07-14,Yes
Client Support Analyst,Code Ninja IT Solutions Inc,Quezon City,Philippines,2023-01-03,2023-05-13,Yes
PH Registered Nurses | Medical Billing | Pasay,Aces Call Center Jobs Inc.,Pasay City,Philippines,2023-01-03,2023-12-05,Yes
Audit Assistant,Sourced People PH Services Inc.,Angeles City,Philippines,2023-05-04,2023-03-06,Yes
Search Engine Marketing (SEM) Specialist,"Get Hooked 360, Inc.",Quezon City,Philippines,2023-03-31,2023-06-29,Yes
Quality Assurance Analyst,Propelrr,Makati,Philippines,2023-04-04,2023-06-29,Yes
Reliability and Asset Management Manager | For Benguet,Aboitiz Power Generation Group,La Trinidad,Philippines,2022-01-12,2023-04-25,Yes
Sales Representative | Electrical Services,WESTCO Electrical and Equipment Corporation,Quezon City,Philippines,2023-03-20,2023-06-16,Yes
Web Developer | Software Engineer,"RareJob Philippines, Inc.",Quezon City,Philippines,2023-11-04,2023-06-29,Yes
Order Operations Specialist,Mundo,Makati,Philippines,2023-04-04,2023-05-22,Yes
Customer Service Representatives CSR | Telco Account | Cagayan de Oro,Aces Call Center Jobs Inc.,Cagayan de Oro City,Philippines,2023-01-03,2023-05-19,Yes
Executive Travel Coordinator | Work From Home,Aux,Makati,Philippines,2023-03-30,2023-12-30,Yes
USRN Medical Coders | Mall of Asia,Aces Call Center Jobs Inc.,Pasay City,Philippines,2023-03-25,2023-05-26,Yes
HR Officer | Organizational Development,Affinity X,Quezon City,Philippines,2023-03-28,2023-04-25,Yes
People Operations Specialist,Mundo,Makati,Philippines,2023-11-04,2023-05-22,Yes
Reliability and Asset Management Manager | For Davao del Sur,Aboitiz Power Generation Group,Davao City,Philippines,2022-01-12,2023-04-25,Yes
PHRN | Medical Billing Non-voice | Pasay,Aces Call Center Jobs Inc.,Pasay City,Philippines,2023-01-03,2023-04-21,Yes
Sr. Web Developer,"Spiralytics, Inc",Makati,Philippines,2022-01-08,2023-01-08,Yes
HR Business Partner | Organizational Development,Affinity X,Quezon City,Philippines,2023-03-26,2023-04-22,Yes
HR Business Partner,Affinity X,Quezon City,Philippines,2023-01-03,2023-04-15,Yes
Accounting Associate,Ardent World Inc.,Makati,Philippines,2022-01-12,2023-12-22,Yes
Web Developer,"Squadzip (Digital Space Explorer, Inc.)",Makati,Philippines,2023-01-02,2023-04-30,Yes
IT Infrastructure Senior Manager,Affinity X,Quezon City,Philippines,2023-01-03,2023-04-22,Yes
Human Resources Senior Specialist | Hybrid Work Setup,Affinity X,Quezon City,Philippines,2023-01-03,2023-04-13,Yes
"Product Management Associate | Quality Assurance, Support, Design","Squadzip (Digital Space Explorer, Inc.)",Makati,Philippines,2023-03-29,2023-04-29,Yes
Frontend Software Engineer,Expedock,Makati,Philippines,2022-01-11,2023-06-09,Yes
Backend Software Engineer,Expedock,Makati,Philippines,2022-01-11,2023-06-09,Yes
Project-Based | Quality Assurance Engineer | Software Tester,"RareJob Philippines, Inc.",Quezon City,Philippines,2023-01-03,2023-04-30,Yes
Marketing Manager,Fil-Chi Media Productions Inc. (Chinoy TV),Manila,Philippines,2023-03-20,2023-03-18,Yes
Accountant for Health Clinic,Achieve Wealth Technologies,Cedar Park,United States,2022-01-12,2023-09-12,Yes
Medical Coding Specialists,Aces Call Center Jobs Inc.,Taguig City,Philippines,2023-01-03,2023-05-19,Yes
Travel Reservations Agent | Non-Voice | Pasig,Aces Call Center Jobs Inc.,Pasig,Philippines,2023-01-03,2023-05-19,Yes
Care Coordinator | USRN,CrewBloom,Makati,Philippines,2023-10-04,2023-07-15,Yes
Compensation and Benefits Specialist,StraightArrow Corporation,Pasig,Philippines,2023-03-20,2023-04-29,Yes
Copy and Content Writer | Part-Time,"Remedy Skintech, Inc.",Makati,Philippines,2023-03-04,2023-02-04,Yes
Systems Engineer | UNIX | LINUX,Questronix Corporation,Makati,Philippines,2023-01-01,2023-12-30,Yes
Financial Planning Specialist | Hybrid,Aboitiz Power Generation Group,Taguig,Philippines,2023-01-02,2023-01-16,Yes
Account Executive | Sales Officer | Work From Home,ZAP,Pasig City,Philippines,2023-01-03,2023-08-05,Yes
Product Manager for Integrations,Expedock,Makati,Philippines,2023-01-03,2023-04-05,Yes
Customer Service and Quality Assurance Officer,TalentHero,Pasig,Philippines,2023-01-03,2023-04-29,Yes
Recruiter | Resourcer | Work From Home,B4B Solutions Inc.,Makati,Philippines,2023-03-23,2023-05-31,Yes
Sr. Accountant | Ecommerce,Boldr,Pasig,Philippines,2023-03-20,2023-05-18,Yes
Civil Support Manager | For Davao del Sur,Aboitiz Power Generation Group,Davao City,Philippines,2022-01-12,2023-04-25,Yes
Social Media Admin,SKINTIFIC,Jakarta Selatan,Indonesia,2023-03-04,2023-05-26,Yes
Middle Java Programmer,OGYA,South Jakarta,Indonesia,2023-01-03,2023-02-05,Yes
Account Manager Syariah,Asuransi Astra,South Jakarta,Indonesia,2023-01-03,2023-09-05,Yes
Part Time Customer Service English,Ivosights,Yogyakarta,Indonesia,2023-04-13,2023-05-29,Yes
Subaru Consultant,Plaza Subaru,Tangerang Selatan,Indonesia,2023-01-03,2023-05-30,Yes
IT Business Analyst (Jakarta),PT Akhdani Reka Solusi,Central Jakarta,Indonesia,2023-03-31,2023-12-30,Yes
Collection (Penagihan) - Branch Cirebon,PT BFI Finance Indonesia Tbk,Cirebon Regency,Indonesia,2023-01-03,2023-06-29,Yes
Service Advisor,Plaza Toyota,Jakarta,Indonesia,2023-05-04,2023-05-30,Yes
IT Security Pentester,Dans Multi Pro,Jakarta Selatan,Indonesia,2023-03-04,2023-01-04,Yes
Customer Success Specialist - Local Team,Niagahoster,Sleman,Indonesia,2023-03-31,2023-06-30,Yes
3D Animator - UMN Pictures - PT. Multimedia Digital Nusantara,Kompas Gramedia,Tangerang Kabupaten,Indonesia,2023-03-31,2023-06-30,Yes
Internal Auditor,Asuransi Astra,South Jakarta,Indonesia,2023-01-03,2023-04-05,Yes
Interior Designer Sales Manager (Interior Residential),Dekoruma,Denpasar,Indonesia,2023-11-04,2023-05-30,Yes
Credit Marketing Syariah - Semarang,PT BFI Finance Indonesia Tbk,Semarang,Indonesia,2023-01-03,2023-04-29,Yes
Sales Supervisor,PT. Jaya Kreasi Indonesia,West Jakarta,Indonesia,2023-03-20,2023-04-18,Yes
Scrum Master,Code.id,Jakarta,Indonesia,2023-01-03,2023-05-05,Yes
Area Sales Representative (Contract Based),Nusantics,Cilacap,Indonesia,2023-03-29,2023-05-30,Yes
Agency Relations - Buleleng,PT BFI Finance Indonesia Tbk,Buleleng,Indonesia,2023-01-03,2023-06-05,Yes
Agency Relations - Tabanan,PT BFI Finance Indonesia Tbk,Tabanan,Indonesia,2023-01-03,2023-06-05,Yes
Account Executive,Surya Artha Nusantara Finance,South Jakarta,Indonesia,2023-01-03,2023-05-14,Yes
Mobile Developer,Dans Multi Pro,South Jakarta,Indonesia,2023-01-02,2023-12-10,Yes
Account Manager (Sales & Marketing) - Balikpapan,PT KDB Tifa Finance Tbk,Balikpapan,Indonesia,2023-01-03,2023-03-05,Yes
Tech Business Analyst (Contract Based),Aleph Labs,Jakarta,Indonesia,2023-01-03,2023-05-14,Yes
Illustrator,Avarik Saga Universe,Jakarta,Indonesia,2023-01-02,2023-04-15,Yes
IT Core Banking Specialist,Hana Bank,South Jakarta,Indonesia,2023-04-04,2023-06-29,Yes
Financial Analyst,PaninBank,Jakarta Pusat,Indonesia,2023-03-04,2023-04-14,Yes
Quality Assurance Tester,PT Midas Daya Teknologi,Jakarta,Indonesia,2023-03-04,2023-05-14,Yes
Technical Writer,Dans Multi Pro,South Jakarta,Indonesia,2023-03-24,2023-09-29,Yes
Marketing Agency (BPKB Mobil) - Majalengka,PT BFI Finance Indonesia Tbk,Majalengka Regency,Indonesia,2023-01-03,2023-12-05,Yes
Growth Marketing Associate,Hangry,Jakarta Barat,Indonesia,2023-03-27,2023-05-24,Yes
Photographer,Howel and Co,Jakarta Barat,Indonesia,2023-03-24,2023-05-30,Yes
BackEnd Developer,SUN Education Group,West Jakarta,Indonesia,2023-01-03,2023-04-29,Yes
Software Engineer / Programmer (Bandung/Jakarta),PT Akhdani Reka Solusi,Central Jakarta,Indonesia,2023-03-04,2023-12-30,Yes
Project Management Supervisor,CARE Technologies,South Jakarta,Indonesia,2023-03-28,2023-05-27,Yes
IT Application Support,PT InMotion Inovasi Teknologi,Central Jakarta,Indonesia,2023-03-28,2023-12-30,Yes
Branch Frontliner Bandung,PaninBank,Bandung Kota,Indonesia,2023-03-31,2023-04-30,Yes
